,temp,humi,time,weather
0,0.577500,0.920000,7,0.000000
1,0.577500,0.940000,8,0.000000
2,0.580000,0.920000,9,0.000000
3,0.580000,0.920000,10,0.000000
4,0.582500,0.940000,11,0.000000
5,0.582500,0.940000,12,0.300000
6,0.585000,0.940000,13,0.000000
7,0.587500,0.940000,14,0.000000
8,0.587500,0.960000,15,0.200000
9,0.585000,0.960000,16,0.300000
10,0.585000,0.960000,17,0.300000
